CNPJ,Fundo,Variavel,Valor,Z-Score
04609220000178,FUNDO DE INVESTIMENTO INVESTPREV EXCLUSIVO RENDA FIXA,retorno_medio_diario,403086.11392458447,6.448490068348898
12553726000130,NOME NAO ENCONTRADO,retorno_medio_diario,951473.9120151558,15.230506713491035
19424677000185,VERUM FUNDO DE INVESTIMENTO  MULTIMERCADO CRÉDITO PRIVADO,retorno_medio_diario,7439335.957214156,119.12872011413518
27591034000154,NOME NAO ENCONTRADO,retorno_medio_diario,806442.5284368037,12.907938579977015
32006888000166,NOME NAO ENCONTRADO,retorno_medio_diario,392029.1459207592,6.271421071933408
32287638000141,NOME NAO ENCONTRADO,retorno_medio_diario,810767.492825755,12.977199620039661
41251230000100,NOME NAO ENCONTRADO,retorno_medio_diario,402663.8088345404,6.441727171101715
43121053000173,NOME NAO ENCONTRADO,retorno_medio_diario,443572.840451838,7.096854432960335
43584800000100,NOME NAO ENCONTRADO,retorno_medio_diario,802520.8498611755,12.845135857801246
50837199000185,NOME NAO ENCONTRADO,retorno_medio_diario,794759.2666891143,12.720839962000808
50839815000137,BRIO FUNDO DE  INVESTIMENTO MULTIMERCADO,retorno_medio_diario,-6505011.091616266,104.17947221774834
51679169000150,NOME NAO ENCONTRADO,retorno_medio_diario,796794.8480296073,12.753438260644568
54501062000106,NOME NAO ENCONTRADO,retorno_medio_diario,806451.5885570017,12.908083670963107
55813031000153,NOME NAO ENCONTRADO,retorno_medio_diario,2003662.0521383241,32.08050555109589
56002195000163,NOME NAO ENCONTRADO,retorno_medio_diario,406554.7866757811,6.504038244190201
56424558000159,NOME NAO ENCONTRADO,retorno_medio_diario,706489.3785891908,11.307264333116496
45616130000191,CREDIT OPS FUNDO DE INVESTIMENTO MULTIMERCADO,retorno_acumulado,3682589.3726588087,10.066012853102212
51679169000150,NOME NAO ENCONTRADO,retorno_acumulado,60700111.33793152,166.0166438667288
04609220000178,FUNDO DE INVESTIMENTO INVESTPREV EXCLUSIVO RENDA FIXA,volatilidade,6347806.526465871,10.04709460996035
12553726000130,NOME NAO ENCONTRADO,volatilidade,9726357.517587448,15.402190938756643
19424677000185,VERUM FUNDO DE INVESTIMENTO  MULTIMERCADO CRÉDITO PRIVADO,volatilidade,91416090.85871015,144.88266711477908
27591034000154,NOME NAO ENCONTRADO,volatilidade,8961967.086675344,14.190611062915982
32006888000166,NOME NAO ENCONTRADO,volatilidade,6260203.5344980415,9.908241456075359
32287638000141,NOME NAO ENCONTRADO,volatilidade,8991775.861644942,14.237858791846254
41251230000100,NOME NAO ENCONTRADO,volatilidade,6328358.548994859,10.01626903028693
43121053000173,NOME NAO ENCONTRADO,volatilidade,6379373.624916651,10.097129330013045
43584800000100,NOME NAO ENCONTRADO,volatilidade,8918849.051021723,14.122267789411929
50837199000185,NOME NAO ENCONTRADO,volatilidade,8832132.733769005,13.984820039359589
50839815000137,BRIO FUNDO DE  INVESTIMENTO MULTIMERCADO,volatilidade,40099581.38242077,63.54458690664507
51679169000150,NOME NAO ENCONTRADO,volatilidade,8394659.019973177,13.291412159813213
54501062000106,NOME NAO ENCONTRADO,volatilidade,8962067.902086593,14.190770858118151
55813031000153,NOME NAO ENCONTRADO,volatilidade,14025791.691125866,22.216912462605443
56002195000163,NOME NAO ENCONTRADO,volatilidade,6376562.749090775,10.092674014448649
56424558000159,NOME NAO ENCONTRADO,volatilidade,8738791.15278222,13.83687106390238
53755078000182,NOME NAO ENCONTRADO,max_drawdown,-29951.172767931705,134.99600146966827
55072270000108,NOME NAO ENCONTRADO,max_drawdown,-6879.2174048436655,30.99683811130559
55072295000101,NOME NAO ENCONTRADO,max_drawdown,-6879.47253192608,30.997988122334284
55072895000161,NOME NAO ENCONTRADO,max_drawdown,-6888.49438164937,31.038655018936733
56992708000120,NOME NAO ENCONTRADO,max_drawdown,-1590.9382348204083,7.15938694460637
60711897000193,NOME NAO ENCONTRADO,max_drawdown,-18164.435540000006,81.86609587047087
00083181000167,OPP I FUNDO DE INVESTIMENTO FINANCEIRO EM AÇÕES - RESPONSABILIDADE LIMITADA,pl_medio,23734654957.03265,6.609917308792545
00822055000187,BB RF IV FUNDO DE INVESTIMENTO FINANCEIRO RENDA FIXA LONGO PRAZO RESP LIMITADA,pl_medio,133458635489.37328,37.78059242834302
00852311000189,BB TOP DI RENDA FIXA REFERENCIADO DI LONGO PRAZO FIF RESPONSABILIDADE LIMITADA,pl_medio,35502134248.10187,9.952853576492421
01129004000137,ITAÚ EMPRESA TRUST RF REFERENCIADO DI FIF DA CLASSE DE INVESTIMENTO EM COTAS RESP LIMITADA,pl_medio,38000204760.762085,10.662511975668979
01597187000115,SPECIAL RENDA FIXA REFERENCIADO DI FUNDO DE INVESTIMENTO FINANCEIRO RESPONSABILIDADE LIMITADA,pl_medio,127630780311.20137,36.125000100018376
01608572000110,BB TOP RF MODERADO FIF RENDA FIXA REFERENCIADO DI LONGO PRAZO RESPONSABILIDADE LIMITADA,pl_medio,12055729416.49992,3.2921376219531022
01608573000165,BB TOP RENDA FIXA CURTO PRAZO FUNDO DE INVESTIMENTO FINANCEIRO RESPONSABILIDADE LIMITADA,pl_medio,69226794275.51155,19.533443126119955
01624316000117,ITAÚ RENDA FIXA REFERENCIADO DI FUNDO DE INVESTIMENTO FINANCEIRO RESPONSABILIDADE LIMITADA,pl_medio,22752004316.771008,6.3307633470513744
01630558000113,SANTANDER RENDA FIXA REFERENCIADO DI - FIF RESP LIMITADA,pl_medio,65915335165.21424,18.59271516858537
01912197000106,FPRV1 SABIÁ FUNDO DE INVESTIMENTO FINANCEIRO MULTIMERCADO CRÉDITO PRIVADO RESPONSABILIDADE LIMITADA,pl_medio,12392624705.876024,3.3878437161314325
02224382000162,SANTANDER  EQUILÍBRIO RENDA FIXA REF DI CRÉDITO PRIVADO - FIF RESP LIMITADA,pl_medio,12338112474.76336,3.3723577390659734
02266145000164,BB EXTRAMERCADO EXCLUSIVO FAT FUNDO DE INVESTIMENTO FINANCEIRO RENDA FIXA RESPONSABILIDADE LIMITADA,pl_medio,57334559217.13301,16.155065914031965
02506721000101,BB RENDA FIXA SIMPLES SOLIDEZ DIFERENCIADO FUNDO DE INVESTIMENTO EM COTAS DE FIF RESP LIMITADA,pl_medio,19372486030.71363,5.370700961015119
02513875000112,FUNDO DE INVESTIMENTO FINANCEIRO TESOURO RENDA FIXA RESPONSABILIDADE LIMITADA,pl_medio,40046543807.260086,11.243841319476727
03069104000140,SANTANDER PREMIUM RENDA FIXA REFERENCIADO DI - CIC FIF RESP LIMITADA,pl_medio,14095775766.751406,3.871679320167113
03256793000100,BRADESCO FIF - CLASSE DE INVESTIMENTO RENDA FIXA REFERENCIADA DI FEDERAL EXTRA -RESP LIMITADA,pl_medio,11587952624.09494,3.159250368375719
03298200000160,BB RENDA FIXA LONGO PRAZO CORPORATE FIC FIF CRÉDITO PRIVADO RESPONSABILIDADE LIMITADA,pl_medio,15953155644.549759,4.399328649543915
03389374000139,BB TOP RF ARROJADO FUNDO DE INVESTIMENTO FINANCEIRO RENDA FIXA LONGO PRAZO RESPONSABILIDADE LIMITADA,pl_medio,104648317912.8053,29.596082124275235
03399411000190,BRADESCO FUNDO DE INVESTIMENTO FINANCEIRO RENDA FIXA REFERENCIADA DI PREMIUM - RESP LIMITADA,pl_medio,19503407473.588116,5.407893466629884
03504023000121,BB TOP PRINCIPAL RENDA FIXA REFERENCIADO DI LONGO PRAZO FIF RESPONSABILIDADE LIMITADA,pl_medio,30739852943.963497,8.599972258853265
03537407000140,BRASILPREV RT FIX II FIC FIF RENDA FIXA RESPONSABILIDADE LIMITADA,pl_medio,34420592797.19605,9.645606454842694
03737206000197,NOME NAO ENCONTRADO,pl_medio,24259625811.003094,6.759052400838559
03737219000166,NOME NAO ENCONTRADO,pl_medio,52948989184.10257,14.909201718708353
03958061000154,FRG PLANO BD FI FINANCEIRO - CI MULT - RESP LIMITADA,pl_medio,15625641426.675219,4.3062875546722985
04118854000128,PETROS LIQUIDEZ FI FINANCEIRO - CI RF - RESP LIMITADA,pl_medio,17087245017.05076,4.721503722078257
04128562000176,BB RENDA FIXA REFERENCIADO DI LONGO PRAZO PRIVATE FIC FIF RESPONSABILIDADE LIMITADA,pl_medio,17355717035.3539,4.797771954606977
04150666000187,CAIXA MASTER LIQUIDEZ FUNDO DE INVESTIMENTO FINANCEIRO RENDA FIXA CURTO PRAZO - RESP LIMITADA,pl_medio,13412627917.213013,3.6776088938731597
04160232000168,BB MILENIO 32 FUNDO DE INVESTIMENTO FINANCEIRO RENDA FIXA RESPONSABILIDADE LIMITADA,pl_medio,13658567134.14908,3.7474759493069647
04237569000126,BRADESCO FIF - CLASSE DE  INVESTIMENTO EM COTAS RENDA FIXA REFERENCIADA DI SAFIRA - RESP LTDA,pl_medio,11815152991.013655,3.223794042328365
04253078000179,BRAM FIF - CLASSE DE INVESTIMENTO RENDA FIXA REFERENCIADA DI RUBI - RESP LIMITADA,pl_medio,14228673258.928152,3.909433187031462
04700351000166,ITAÚ RENDA FIXA CURTO PRAZO FUNDO DE INVESTIMENTO FINANCEIRO RESPONSABILIDADE LIMITADA,pl_medio,11998968732.369358,3.2760128984786774
04857834000179,BB RENDA FIXA LONGO PRAZO TESOURO SELIC FIC FIF RESPONSABILIDADE LIMITATA,pl_medio,15397799813.50964,4.2415617138101425
04934357000106,BB ATACADO FEDERAL FUNDO DE INVESTIMENTO FINANCEIRO RENDA FIXA LONGO PRAZO RESPONSABILIDADE LIMITADA,pl_medio,16394932101.550285,4.524829659895711
05061121000167,BRASILPREV RT FIX C FIC DE FUNDOS DE INVESTIMENTO FINANCEIRO RENDA FIXA RESP LIMITADA,pl_medio,13020919270.037241,3.566331277773224
05164356000184,NOME NAO ENCONTRADO,pl_medio,11281175375.609116,3.0721002859577484
05164375000100,CAIXA MASTER CONSERVADOR FIF RENDA FIXA REFERENCIADO DI LONGO PRAZO - RESPONSABILIDADE LIMITADA,pl_medio,14060649520.417751,3.861700564316992
05592116000180,LAWTON EXCLUSIVO FIF MULTIMERCADO CRÉDITO PRIVADO INVESTIMENTO NO EXTERIOR,pl_medio,13743180326.621134,3.7715130861350166
05754101000171,FIF CIC PREVIDENCIÁRIO MULTIMERCADO ELETROPAULO CRÉDITO PRIVADO RESPONSABILIDADE LIMITADA,pl_medio,11818700492.620396,3.224801825855114
05786938000100,NOME NAO ENCONTRADO,pl_medio,14079612108.598715,3.8670875059203405
05832360000173,BB ATACADO MISTO FUNDO DE INVESTIMENTO FINANCEIRO RENDA FIXA LONGO PRAZO CRÉDITO PRIVADO RESP LIM,pl_medio,17263977092.4014,4.771710231878866
05943661000174,BB RENDA FIXA REFERENCIADO DI PLUS ÁGIL FUNDO DE INVESTIMENTO EM COTAS DE FIF RESP LIMITADA,pl_medio,38436025991.63236,10.786321209819539
06001785000101,NOME NAO ENCONTRADO,pl_medio,29083671695.35553,8.12947996182769
06006188000161,BB TOP DI C RENDA FIXA REFERENCIADO DI FUNDO DE INVESTIMENTO FINANCEIRO RESPONSABILIDADE LIMITADA,pl_medio,51105264313.80661,14.385431539546
06066907000130,ITAÚ RENDA FIXA CRED PRIV MASTER ACTIVE FIX FIF RESPONSABILIDADE LIMITADA,pl_medio,14768445704.278273,4.062773153836027
06084861000181,NOME NAO ENCONTRADO,pl_medio,34740273200.2616,9.736422099132103
06175696000173,ITAÚ SOBERANO RENDA FIXA SIMPLES FIF DA CIC RESPONSABILIDADE LIMITADA,pl_medio,44024193053.59518,12.373822311740234
07096435000120,NOME NAO ENCONTRADO,pl_medio,24321020800.628796,6.776493649928377
07103364000146,NOME NAO ENCONTRADO,pl_medio,38770468947.0747,10.881330638565542
07187542000164,NOME NAO ENCONTRADO,pl_medio,12620807658.325783,3.4526665255494238
07187548000131,NOME NAO ENCONTRADO,pl_medio,41774454148.37041,11.734710604542325
07214377000192,NOME NAO ENCONTRADO,pl_medio,22597929183.728443,6.286993280628605
07408525000100,NOME NAO ENCONTRADO,pl_medio,27579913938.331875,7.702288528603367
07593967000173,NOME NAO ENCONTRADO,pl_medio,36567004747.20964,10.25536477059095
07593972000186,NOME NAO ENCONTRADO,pl_medio,204634419787.4824,58.00039522780162
07919956000130,NOME NAO ENCONTRADO,pl_medio,35581700216.646866,9.975456884757905
07966986000106,NOME NAO ENCONTRADO,pl_medio,19629556807.86235,5.4437302991630485
08196003000154,NOME NAO ENCONTRADO,pl_medio,28283929836.349518,7.90228720464154
08212681000163,NOME NAO ENCONTRADO,pl_medio,39102139245.71992,10.975552403723134
08399811000119,NOME NAO ENCONTRADO,pl_medio,11763735622.865788,3.2091872620214197
08418151000176,NOME NAO ENCONTRADO,pl_medio,19648270466.858955,5.4490465243132045
08771962000156,NOME NAO ENCONTRADO,pl_medio,32401545258.200443,9.072030153804198
08915927000163,NOME NAO ENCONTRADO,pl_medio,31119130723.018,8.707718481453055
09093883000104,NOME NAO ENCONTRADO,pl_medio,16444041637.061928,4.538780825076546
09215250000113,NOME NAO ENCONTRADO,pl_medio,23385051172.562286,6.5106009521180885
09468618000155,NOME NAO ENCONTRADO,pl_medio,22877339544.0651,6.366368905946203
09589223000100,NOME NAO ENCONTRADO,pl_medio,13118048051.024817,3.593923875692412
10264255000115,NOME NAO ENCONTRADO,pl_medio,39679988943.099434,11.139709455787415
10322633000170,NOME NAO ENCONTRADO,pl_medio,17758045693.60538,4.912066531205436
10551370000170,NOME NAO ENCONTRADO,pl_medio,13475217699.263014,3.6953895627170956
10583909000173,NOME NAO ENCONTRADO,pl_medio,100594321475.20403,28.444412222406896
10583916000175,NOME NAO ENCONTRADO,pl_medio,33073763398.603397,9.262995639765517
10731794000117,NOME NAO ENCONTRADO,pl_medio,13701000305.27241,3.7595304754457404
10948577000183,NOME NAO ENCONTRADO,pl_medio,19330471095.637268,5.358765248465498
11046645000181,NOME NAO ENCONTRADO,pl_medio,38798323820.245,10.889243723725919
11233045000122,NOME NAO ENCONTRADO,pl_medio,21275456296.586,5.911301726972464
11351449000110,NOME NAO ENCONTRADO,pl_medio,12968283838.7452,3.551378466905247
11419818000160,NOME NAO ENCONTRADO,pl_medio,62728722535.89835,17.687453925615927
12553726000130,NOME NAO ENCONTRADO,pl_medio,11733484778.730238,3.2005935231681026
12952687000144,DELTA FM&B FUNDO DE INVESTIMENTO FINANCEIRO EM AÇÕES,pl_medio,11771297185.512932,3.2113353704980416
13052739000199,NOME NAO ENCONTRADO,pl_medio,11822682528.193148,3.2259330529264485
13058736000162,NOME NAO ENCONTRADO,pl_medio,14360478383.00256,3.9468767311107293
13077418000149,NOME NAO ENCONTRADO,pl_medio,23090482301.028557,6.426919057327513
13401421000176,NOME NAO ENCONTRADO,pl_medio,15465463054.27932,4.260783664065091
14120561000139,NOME NAO ENCONTRADO,pl_medio,45822263883.82156,12.884622971896812
14120568000150,NOME NAO ENCONTRADO,pl_medio,15992059053.197672,4.410380431534724
14159055000153,NOME NAO ENCONTRADO,pl_medio,22286550861.184258,6.198536113068641
14933427000157,NOME NAO ENCONTRADO,pl_medio,11361059959.325815,3.0947941072538128
15675415000132,NOME NAO ENCONTRADO,pl_medio,15037993714.711525,4.139347057020844
15675431000125,NOME NAO ENCONTRADO,pl_medio,15350984298.726225,4.2282622400325005
15675437000100,NOME NAO ENCONTRADO,pl_medio,13463129632.615343,3.691955553155376
15831754000160,SANTOS FUNDO DE INVESTIMENTO FINANCEIRO,pl_medio,22693808978.37769,6.314231063244958
16877448000128,NOME NAO ENCONTRADO,pl_medio,27007248700.222008,7.539604291276401
17209712000118,NOME NAO ENCONTRADO,pl_medio,18948721079.757126,5.250316706367849
17322725000107,NOME NAO ENCONTRADO,pl_medio,13808882888.370523,3.790178041570249
17517380000139,NOME NAO ENCONTRADO,pl_medio,36589895386.94398,10.261867603344335
17804952000160,NOME NAO ENCONTRADO,pl_medio,11805018017.256615,3.2209148724988244
17958866000102,NOME NAO ENCONTRADO,pl_medio,15547932452.730797,4.28421178628563
18015618000190,NOME NAO ENCONTRADO,pl_medio,22547075836.718624,6.272546728920451
18060364000122,NOME NAO ENCONTRADO,pl_medio,29813825115.78652,8.336903853535434
18599004000101,NOME NAO ENCONTRADO,pl_medio,15264400065.316376,4.203665164744129
18599388000154,NOME NAO ENCONTRADO,pl_medio,20526030984.97215,5.698403026056324
18630011000110,NOME NAO ENCONTRADO,pl_medio,33539694728.19801,9.39535862944518
19700409000149,NOME NAO ENCONTRADO,pl_medio,13920235496.71506,3.8218113815346064
20335522000151,NOME NAO ENCONTRADO,pl_medio,29501432692.838116,8.2481585976826
20743601000100,NOME NAO ENCONTRADO,pl_medio,28909887864.050163,8.080110996899792
21470947000136,NOME NAO ENCONTRADO,pl_medio,11300783337.053173,3.0776705668841613
21681273000119,CHARDONNAY FUNDO DE INVESTIMENTO FINANCEIRO EM AÇÕES,pl_medio,15632919023.879438,4.308354993503838
22080558000167,NOME NAO ENCONTRADO,pl_medio,57082009395.42797,16.083320900720604
22760051000154,NOME NAO ENCONTRADO,pl_medio,11384645103.29795,3.101494236585947
25097027000175,NOME NAO ENCONTRADO,pl_medio,11799745322.05948,3.219416991468653
25341064000187,NOME NAO ENCONTRADO,pl_medio,45312870574.27767,12.73991318937862
26199519000134,NOME NAO ENCONTRADO,pl_medio,77607718233.8618,21.91431790517879
26507128000130,NOME NAO ENCONTRADO,pl_medio,19918658382.485382,5.525859029960132
26559284000144,NOME NAO ENCONTRADO,pl_medio,12006051718.03226,3.2780250515550025
26724752000199,NOME NAO ENCONTRADO,pl_medio,21307366649.08522,5.9203669032983495
27146328000177,NOME NAO ENCONTRADO,pl_medio,83941045858.66023,23.713506167038098
27717359000130,NOME NAO ENCONTRADO,pl_medio,20693352170.150402,5.74593606558429
28260437000183,NOME NAO ENCONTRADO,pl_medio,20076600838.725704,5.570727735662983
28428069000130,NOME NAO ENCONTRADO,pl_medio,65900064190.50924,18.588376950185175
28428077000186,NOME NAO ENCONTRADO,pl_medio,63487242485.747955,17.90293625512812
29152383000103,NOME NAO ENCONTRADO,pl_medio,20127933164.20012,5.585310356825021
29157520000194,NOME NAO ENCONTRADO,pl_medio,13698081578.695341,3.758701315972531
29224634000100,NOME NAO ENCONTRADO,pl_medio,70696889438.38498,19.95107160163123
29259706000154,NOME NAO ENCONTRADO,pl_medio,16404580474.6902,4.527570594950357
29259723000191,NOME NAO ENCONTRADO,pl_medio,16961081636.503132,4.685662899243041
30593140000181,NOME NAO ENCONTRADO,pl_medio,14995653832.476065,4.127319032633116
30624891000118,NOME NAO ENCONTRADO,pl_medio,11947233690.100643,3.2613158724773377
30641425000140,NOME NAO ENCONTRADO,pl_medio,23190191488.82191,6.455244703955187
30641464000148,NOME NAO ENCONTRADO,pl_medio,46455312871.845856,13.064461182693853
30754467000198,NOME NAO ENCONTRADO,pl_medio,12395515086.32156,3.388664822961522
32033283000164,NOME NAO ENCONTRADO,pl_medio,29667451232.28966,8.295321578208458
32088041000178,NOME NAO ENCONTRADO,pl_medio,29331992817.059452,8.200023674992323
32312116000152,NOME NAO ENCONTRADO,pl_medio,59332526379.91863,16.72265364670964
32312120000110,NOME NAO ENCONTRADO,pl_medio,65758916129.41462,18.548279240142307
32312124000107,NOME NAO ENCONTRADO,pl_medio,48051297477.03565,13.517852659951755
32387924000189,NOME NAO ENCONTRADO,pl_medio,26258524069.5498,7.326904641633177
32388077000177,NOME NAO ENCONTRADO,pl_medio,31082030948.3234,8.697179080508946
32892326000167,NOME NAO ENCONTRADO,pl_medio,19977991222.191906,5.542714458112115
33033134000168,NOME NAO ENCONTRADO,pl_medio,13402090634.735983,3.6746154351311335
34246519000176,NOME NAO ENCONTRADO,pl_medio,12385527959.120716,3.385827653768017
34488907000163,NOME NAO ENCONTRADO,pl_medio,13418229277.094622,3.679200142825761
34791568000190,NOME NAO ENCONTRADO,pl_medio,15582942378.513962,4.294157497489801
35536379000133,NOME NAO ENCONTRADO,pl_medio,84633344379.78728,23.910176140029424
35803288000117,NOME NAO ENCONTRADO,pl_medio,11358462156.195704,3.09405611655205
35823433000121,NOME NAO ENCONTRADO,pl_medio,13097668557.300802,3.5881344158597464
36247150000141,NOME NAO ENCONTRADO,pl_medio,30258168093.143456,8.46313396769689
37235948000136,NOME NAO ENCONTRADO,pl_medio,20109607942.86586,5.580104480061047
37553253000100,NOME NAO ENCONTRADO,pl_medio,18595218095.41915,5.14989265480564
38658114000104,NOME NAO ENCONTRADO,pl_medio,18885178908.15336,5.232265480210701
39593288000190,NOME NAO ENCONTRADO,pl_medio,14160033306.537992,3.889933769987031
39594772000134,NOME NAO ENCONTRADO,pl_medio,11898818810.145622,3.247562046862296
39618013000164,NOME NAO ENCONTRADO,pl_medio,13191829148.133013,3.614883802563145
40209243000159,NOME NAO ENCONTRADO,pl_medio,12501670968.516788,3.4188218633813365
40413765000178,NOME NAO ENCONTRADO,pl_medio,20277728866.321247,5.627864711328651
40997857000142,NOME NAO ENCONTRADO,pl_medio,64611304696.31397,18.222262785297065
41721569000123,NOME NAO ENCONTRADO,pl_medio,12426343359.178127,3.3974225992748384
41755256000196,NOME NAO ENCONTRADO,pl_medio,12439698289.640482,3.4012165028195933
42196209000112,NOME NAO ENCONTRADO,pl_medio,21146972923.90375,5.874801834709059
42380882000108,NOME NAO ENCONTRADO,pl_medio,14116639958.136305,3.8776064741778913
42592315000115,NOME NAO ENCONTRADO,pl_medio,175255331056.85992,49.65430692798131
42592333000105,NOME NAO ENCONTRADO,pl_medio,22108149924.096695,6.14785550866475
42592357000156,NOME NAO ENCONTRADO,pl_medio,22112105753.477356,6.148979291012553
42699050000159,NOME NAO ENCONTRADO,pl_medio,14098404010.324137,3.872425958469362
42814769000193,NOME NAO ENCONTRADO,pl_medio,20248503712.231003,5.61956235318373
42814944000142,NOME NAO ENCONTRADO,pl_medio,52797573967.555374,14.866187288314462
42847784000138,NOME NAO ENCONTRADO,pl_medio,36533146397.39216,10.2457462020964
42860483000144,NOME NAO ENCONTRADO,pl_medio,52767607102.09807,14.857674222866152
43617343000102,NOME NAO ENCONTRADO,pl_medio,15351361768.81,4.228369472720302
43617375000108,NOME NAO ENCONTRADO,pl_medio,17930255145.8358,4.960988242411566
43810237000140,NOME NAO ENCONTRADO,pl_medio,20231607964.040733,5.61476256488599
44703501000100,NOME NAO ENCONTRADO,pl_medio,19676538846.15265,5.4570770793736845
44703508000121,NOME NAO ENCONTRADO,pl_medio,19721210929.072166,5.469767641426229
46133770000103,NOME NAO ENCONTRADO,pl_medio,175236611393.95477,49.648988997225125
46975107000156,NOME NAO ENCONTRADO,pl_medio,64608458935.02441,18.2214543539934
47525165000140,NOME NAO ENCONTRADO,pl_medio,64611302930.086716,18.222262283542612
50803123000139,NOME NAO ENCONTRADO,pl_medio,31939436768.004738,8.940753166330792
50803936000129,NOME NAO ENCONTRADO,pl_medio,25694272870.62534,7.166610686545508
51998694000139,NOME NAO ENCONTRADO,pl_medio,22531784681.696426,6.268202777643008
52298374000139,NOME NAO ENCONTRADO,pl_medio,26642739330.485382,7.436053516988336
54487736000165,NOME NAO ENCONTRADO,pl_medio,14664259827.259197,4.033175757634658
55274875000173,NOME NAO ENCONTRADO,pl_medio,18319729353.912727,5.0716310932132815
55574437000120,NOME NAO ENCONTRADO,pl_medio,60778308309.92494,17.133375155492857
56915560000120,NOME NAO ENCONTRADO,pl_medio,22494793705.608917,6.257694284491514
57176726000105,NOME NAO ENCONTRADO,pl_medio,14031804386.061005,3.853506163171028
58824505000150,NOME NAO ENCONTRADO,pl_medio,12609781780.996586,3.4495342655050014
00812433000141,BNB AUTOMÁTICO CLASSE DE INVESTIMENTO RENDA FIXA CURTO PRAZO - RESP LIMITADA,captacao_media,207965175.1988755,4.517067095365784
00834074000123,CAIXA PRÁTICO FIC DE CLASSE DE FIF RENDA FIXA CURTO PRAZO - RESPONSABILIDADE LIMITADA,captacao_media,159507033.95361444,3.4501092731177128
00852311000189,BB TOP DI RENDA FIXA REFERENCIADO DI LONGO PRAZO FIF RESPONSABILIDADE LIMITADA,captacao_media,179928352.13512194,3.8997485827250946
01129004000137,ITAÚ EMPRESA TRUST RF REFERENCIADO DI FIF DA CLASSE DE INVESTIMENTO EM COTAS RESP LIMITADA,captacao_media,406685588.3842972,8.892519678563854
01597187000115,SPECIAL RENDA FIXA REFERENCIADO DI FUNDO DE INVESTIMENTO FINANCEIRO RESPONSABILIDADE LIMITADA,captacao_media,405357675.0489156,8.863281505492338
01599628000118,ITAÚ CORP PLUS RENDA FIXA REFERENCIADO DI FIF CIC RESPONSABILIDADE LIMITADA,captacao_media,154698869.85204822,3.3442424741240524
01608573000165,BB TOP RENDA FIXA CURTO PRAZO FUNDO DE INVESTIMENTO FINANCEIRO RESPONSABILIDADE LIMITADA,captacao_media,1748801612.6200812,38.44340944908083
01624316000117,ITAÚ RENDA FIXA REFERENCIADO DI FUNDO DE INVESTIMENTO FINANCEIRO RESPONSABILIDADE LIMITADA,captacao_media,208718340.99433732,4.533650400384655
02506721000101,BB RENDA FIXA SIMPLES SOLIDEZ DIFERENCIADO FUNDO DE INVESTIMENTO EM COTAS DE FIF RESP LIMITADA,captacao_media,364443879.35583675,7.962436090649709
02513875000112,FUNDO DE INVESTIMENTO FINANCEIRO TESOURO RENDA FIXA RESPONSABILIDADE LIMITADA,captacao_media,398969035.78000003,8.722615593298332
03187084000102,ITAÚ PP RENDA FIXA CURTO PRAZO FIF CIC RESP LIMITADA,captacao_media,173364785.12685484,3.755231088216268
03256793000100,BRADESCO FIF - CLASSE DE INVESTIMENTO RENDA FIXA REFERENCIADA DI FEDERAL EXTRA -RESP LIMITADA,captacao_media,188442708.35702813,4.087218814535889
03389374000139,BB TOP RF ARROJADO FUNDO DE INVESTIMENTO FINANCEIRO RENDA FIXA LONGO PRAZO RESPONSABILIDADE LIMITADA,captacao_media,448496585.06920314,9.813119784605092
03504023000121,BB TOP PRINCIPAL RENDA FIXA REFERENCIADO DI LONGO PRAZO FIF RESPONSABILIDADE LIMITADA,captacao_media,423962416.5088211,9.272923186362434
03737206000197,NOME NAO ENCONTRADO,captacao_media,156898921.8207229,3.3926835120385905
04160232000168,BB MILENIO 32 FUNDO DE INVESTIMENTO FINANCEIRO RENDA FIXA RESPONSABILIDADE LIMITADA,captacao_media,240305457.95364,5.229139757919362
05943661000174,BB RENDA FIXA REFERENCIADO DI PLUS ÁGIL FUNDO DE INVESTIMENTO EM COTAS DE FIF RESP LIMITADA,captacao_media,398711374.9392683,8.716942382513908
06006188000161,BB TOP DI C RENDA FIXA REFERENCIADO DI FUNDO DE INVESTIMENTO FINANCEIRO RESPONSABILIDADE LIMITADA,captacao_media,696053051.3417552,15.263851103430097
06175696000173,ITAÚ SOBERANO RENDA FIXA SIMPLES FIF DA CIC RESPONSABILIDADE LIMITADA,captacao_media,2405226213.4118037,52.89665393045657
07214377000192,NOME NAO ENCONTRADO,captacao_media,466983428.11528003,10.220165562462142
07408525000100,NOME NAO ENCONTRADO,captacao_media,336510845.54951024,7.3474028237330895
07593967000173,NOME NAO ENCONTRADO,captacao_media,139754420.0188048,3.0151935828743843
07593972000186,NOME NAO ENCONTRADO,captacao_media,608125195.7806478,13.327843842862778
07966986000106,NOME NAO ENCONTRADO,captacao_media,278632331.14553785,6.073025967822315
08212681000163,NOME NAO ENCONTRADO,captacao_media,901467632.5791566,19.786696772350403
08915927000163,NOME NAO ENCONTRADO,captacao_media,554751001.0618,12.152643699026566
09215250000113,NOME NAO ENCONTRADO,captacao_media,985236473.7105622,21.631130298049243
09577447000100,NOME NAO ENCONTRADO,captacao_media,856961081.2384337,18.806745584088233
10347195000102,NOME NAO ENCONTRADO,captacao_media,157668021.9936604,3.4096176623076793
10551370000170,NOME NAO ENCONTRADO,captacao_media,347677888.4171486,7.593280264196646
10565506000100,NOME NAO ENCONTRADO,captacao_media,159036451.1220866,3.439747917518598
10686433000104,NOME NAO ENCONTRADO,captacao_media,156523694.44788,3.384421705657078
11046645000181,NOME NAO ENCONTRADO,captacao_media,418739637.60544,9.157927343318626
11351449000110,NOME NAO ENCONTRADO,captacao_media,201472861.74844,4.374118471204391
11419792000150,NOME NAO ENCONTRADO,captacao_media,593579356.6360799,13.007571614963888
11419818000160,NOME NAO ENCONTRADO,captacao_media,627705351.8328915,13.758962332427673
13077415000105,NOME NAO ENCONTRADO,captacao_media,350999539.01012,7.666416810334646
14933427000157,NOME NAO ENCONTRADO,captacao_media,430401035.2371713,9.41468955296565
16565016000181,NOME NAO ENCONTRADO,captacao_media,265972811.10875502,5.794286965829072
16877448000128,NOME NAO ENCONTRADO,captacao_media,615434002.9634538,13.488770135011062
16916063000122,NOME NAO ENCONTRADO,captacao_media,216780292.90963855,4.711159533784601
17000151000142,NOME NAO ENCONTRADO,captacao_media,358735337.2641767,7.8367446488855315
17209712000118,NOME NAO ENCONTRADO,captacao_media,140392456.30587044,3.029241951009623
17455369000191,NOME NAO ENCONTRADO,captacao_media,547006198.41636,11.982117600584276
17898543000170,NOME NAO ENCONTRADO,captacao_media,258474727.63855422,5.629193163119872
18060364000122,NOME NAO ENCONTRADO,captacao_media,230128406.13404,5.005060072497914
19303792000100,NOME NAO ENCONTRADO,captacao_media,253630922.66244978,5.522541618593199
19700409000149,NOME NAO ENCONTRADO,captacao_media,189634596.91485944,4.113461975898388
20743601000100,NOME NAO ENCONTRADO,captacao_media,1141984631.7338212,25.08243216452866
23731558000142,NOME NAO ENCONTRADO,captacao_media,172423767.9335743,3.7345116460453656
25341064000187,NOME NAO ENCONTRADO,captacao_media,208223113.58116466,4.522746417097266
26199519000134,NOME NAO ENCONTRADO,captacao_media,339627865.76835346,7.416033790978979
26786661000188,NOME NAO ENCONTRADO,captacao_media,189525798.44120482,4.111066436582776
27146328000177,NOME NAO ENCONTRADO,captacao_media,2563889803.8425803,56.390130043361275
27157075000137,NOME NAO ENCONTRADO,captacao_media,200227158.89824,4.346690419569257
27717359000130,NOME NAO ENCONTRADO,captacao_media,480908084.775502,10.526760511503765
28152799000150,NOME NAO ENCONTRADO,captacao_media,154926809.5213889,3.3492612801895336
29152383000103,NOME NAO ENCONTRADO,captacao_media,149804896.3652209,3.236486312631669
29224634000100,NOME NAO ENCONTRADO,captacao_media,295594209.70612246,6.446494874081848
29323674000109,NOME NAO ENCONTRADO,captacao_media,235947679.36251998,5.133189607213254
30630384000197,NOME NAO ENCONTRADO,captacao_media,191888378.13329318,4.1630860316060305
32312120000110,NOME NAO ENCONTRADO,captacao_media,196075733.42043823,4.255283779256703
32312124000107,NOME NAO ENCONTRADO,captacao_media,267518021.85585657,5.828309622317223
34658789000194,NOME NAO ENCONTRADO,captacao_media,342731786.33408004,7.484376328313972
34658859000104,NOME NAO ENCONTRADO,captacao_media,176196214.15748,3.817573870558569
35823433000121,NOME NAO ENCONTRADO,captacao_media,156078030.67835343,3.3746090212913638
37380811000175,NOME NAO ENCONTRADO,captacao_media,510309601.2551004,11.174127025937103
37525998000158,NOME NAO ENCONTRADO,captacao_media,386920478.5302778,8.45732885150338
37553253000100,NOME NAO ENCONTRADO,captacao_media,1142532631.5789473,25.094498098266993
40750123000164,NOME NAO ENCONTRADO,captacao_media,509810899.4789157,11.16314654366115
41755256000196,NOME NAO ENCONTRADO,captacao_media,466707828.32843375,10.214097369567634
42411782000100,NOME NAO ENCONTRADO,captacao_media,1270001519.4496398,27.9011250862594
42592315000115,NOME NAO ENCONTRADO,captacao_media,3411873576.231748,75.06114993475117
42592333000105,NOME NAO ENCONTRADO,captacao_media,552880678.0041224,12.111462676287372
42592357000156,NOME NAO ENCONTRADO,captacao_media,554175809.0615447,12.139979044786923
42592423000198,NOME NAO ENCONTRADO,captacao_media,141641414.09148002,3.0567416702470807
43617343000102,NOME NAO ENCONTRADO,captacao_media,265423158.79935998,5.782184647911893
43617375000108,NOME NAO ENCONTRADO,captacao_media,220153643.5474,4.785434418409835
43617404000131,NOME NAO ENCONTRADO,captacao_media,228241943.71868,4.963523691226951
43690520000186,NOME NAO ENCONTRADO,captacao_media,152407843.3538247,3.293798346874408
45081677000130,NOME NAO ENCONTRADO,captacao_media,539828482.1524097,11.824077685785687
45103742000180,NOME NAO ENCONTRADO,captacao_media,530780036.24124503,11.624847795905216
46133770000103,NOME NAO ENCONTRADO,captacao_media,3428651743.2943263,75.43057385672535
50628101000180,NOME NAO ENCONTRADO,captacao_media,211207188.6964,4.588450181306082
50803123000139,NOME NAO ENCONTRADO,captacao_media,258904438.34751004,5.638654590868486
50803936000129,NOME NAO ENCONTRADO,captacao_media,754615359.9833734,16.55328383213987
51225664000190,NOME NAO ENCONTRADO,captacao_media,610723486.5226104,13.385053355245445
51998694000139,NOME NAO ENCONTRADO,captacao_media,141305393.1325703,3.0493431159209163
54891935000134,NOME NAO ENCONTRADO,captacao_media,233593083.00710842,5.081345790362584
55574437000120,NOME NAO ENCONTRADO,captacao_media,361508966.3212851,7.89781478369566
58824505000150,NOME NAO ENCONTRADO,captacao_media,196157633.10393572,4.257087057420119
58952085000198,NOME NAO ENCONTRADO,captacao_media,170187806.02638555,3.6852799383112798
60587009000172,NOME NAO ENCONTRADO,captacao_media,290081733.55482054,6.3251204383638315
61265448000121,NOME NAO ENCONTRADO,captacao_media,535642887.44417715,11.731918702796516
62809863000161,NOME NAO ENCONTRADO,captacao_media,287943859.34694916,6.278048438686298
00812433000141,BNB AUTOMÁTICO CLASSE DE INVESTIMENTO RENDA FIXA CURTO PRAZO - RESP LIMITADA,resgate_medio,206856733.33658633,4.472076351604429
00834074000123,CAIXA PRÁTICO FIC DE CLASSE DE FIF RENDA FIXA CURTO PRAZO - RESPONSABILIDADE LIMITADA,resgate_medio,196455826.46180722,4.244156579692696
00852311000189,BB TOP DI RENDA FIXA REFERENCIADO DI LONGO PRAZO FIF RESPONSABILIDADE LIMITADA,resgate_medio,193911958.8517886,4.188411659328586
01129004000137,ITAÚ EMPRESA TRUST RF REFERENCIADO DI FIF DA CLASSE DE INVESTIMENTO EM COTAS RESP LIMITADA,resgate_medio,409594101.93554217,8.914751914935081
01597187000115,SPECIAL RENDA FIXA REFERENCIADO DI FUNDO DE INVESTIMENTO FINANCEIRO RESPONSABILIDADE LIMITADA,resgate_medio,430417432.0398795,9.371062956362811
01599628000118,ITAÚ CORP PLUS RENDA FIXA REFERENCIADO DI FIF CIC RESPONSABILIDADE LIMITADA,resgate_medio,158866734.07361448,3.420449813866289
01608573000165,BB TOP RENDA FIXA CURTO PRAZO FUNDO DE INVESTIMENTO FINANCEIRO RESPONSABILIDADE LIMITADA,resgate_medio,1826413243.2228863,39.96214993610492
01624316000117,ITAÚ RENDA FIXA REFERENCIADO DI FUNDO DE INVESTIMENTO FINANCEIRO RESPONSABILIDADE LIMITADA,resgate_medio,242000880.90120482,5.242205936783534
01630558000113,SANTANDER RENDA FIXA REFERENCIADO DI - FIF RESP LIMITADA,resgate_medio,167377105.35732,3.606941425147783
02266145000164,BB EXTRAMERCADO EXCLUSIVO FAT FUNDO DE INVESTIMENTO FINANCEIRO RENDA FIXA RESPONSABILIDADE LIMITADA,resgate_medio,193798353.93296748,4.185922183411005
02506721000101,BB RENDA FIXA SIMPLES SOLIDEZ DIFERENCIADO FUNDO DE INVESTIMENTO EM COTAS DE FIF RESP LIMITADA,resgate_medio,378291279.4500408,8.228799021885989
02513875000112,FUNDO DE INVESTIMENTO FINANCEIRO TESOURO RENDA FIXA RESPONSABILIDADE LIMITADA,resgate_medio,484611446.0678455,10.558640872879595
03187084000102,ITAÚ PP RENDA FIXA CURTO PRAZO FIF CIC RESP LIMITADA,resgate_medio,173133932.6510887,3.7330933828114623
03256793000100,BRADESCO FIF - CLASSE DE INVESTIMENTO RENDA FIXA REFERENCIADA DI FEDERAL EXTRA -RESP LIMITADA,resgate_medio,188959861.50650603,4.079894112636729
03389374000139,BB TOP RF ARROJADO FUNDO DE INVESTIMENTO FINANCEIRO RENDA FIXA LONGO PRAZO RESPONSABILIDADE LIMITADA,resgate_medio,406405955.6087251,8.844888623937699
03504023000121,BB TOP PRINCIPAL RENDA FIXA REFERENCIADO DI LONGO PRAZO FIF RESPONSABILIDADE LIMITADA,resgate_medio,366987130.95878047,7.981086108309966
03737206000197,NOME NAO ENCONTRADO,resgate_medio,160828051.66847387,3.4634290525277556
04160232000168,BB MILENIO 32 FUNDO DE INVESTIMENTO FINANCEIRO RENDA FIXA RESPONSABILIDADE LIMITADA,resgate_medio,255451460.8308,5.536954572315276
05943661000174,BB RENDA FIXA REFERENCIADO DI PLUS ÁGIL FUNDO DE INVESTIMENTO EM COTAS DE FIF RESP LIMITADA,resgate_medio,427637546.3098374,9.31014606429177
06006188000161,BB TOP DI C RENDA FIXA REFERENCIADO DI FUNDO DE INVESTIMENTO FINANCEIRO RESPONSABILIDADE LIMITADA,resgate_medio,734154789.8882858,16.026996920135694
06175696000173,ITAÚ SOBERANO RENDA FIXA SIMPLES FIF DA CIC RESPONSABILIDADE LIMITADA,resgate_medio,2397354607.2616467,52.47344602147167
07214377000192,NOME NAO ENCONTRADO,resgate_medio,502686462.89852,10.954726883738678
07408525000100,NOME NAO ENCONTRADO,resgate_medio,371711227.9049796,8.084607379236592
07593972000186,NOME NAO ENCONTRADO,resgate_medio,542401010.2494737,11.825009704533503
07966986000106,NOME NAO ENCONTRADO,resgate_medio,270047207.53888446,5.856797764898297
08212681000163,NOME NAO ENCONTRADO,resgate_medio,882298644.192008,19.273340137082
08915927000163,NOME NAO ENCONTRADO,resgate_medio,594557780.64772,12.967944580880369
09215250000113,NOME NAO ENCONTRADO,resgate_medio,969763650.9328113,21.190000350141105
09577447000100,NOME NAO ENCONTRADO,resgate_medio,852962013.4108434,18.630473291257676
10347195000102,NOME NAO ENCONTRADO,resgate_medio,159776197.94169813,3.440379306541416
10551370000170,NOME NAO ENCONTRADO,resgate_medio,353779845.37020075,7.691668891603453
10565506000100,NOME NAO ENCONTRADO,resgate_medio,167236295.55362207,3.603855796295592
10686433000104,NOME NAO ENCONTRADO,resgate_medio,156046891.77376002,3.3586573354268996
11046645000181,NOME NAO ENCONTRADO,resgate_medio,370906503.89571995,8.066973098413724
11351449000110,NOME NAO ENCONTRADO,resgate_medio,216021476.17156,4.672907502361295
11419792000150,NOME NAO ENCONTRADO,resgate_medio,587749076.1664001,12.818742363123777
11419818000160,NOME NAO ENCONTRADO,resgate_medio,640143669.627269,13.966888763700297
13077415000105,NOME NAO ENCONTRADO,resgate_medio,359732798.44752,7.822118642179906
14933427000157,NOME NAO ENCONTRADO,resgate_medio,441292290.00820714,9.609368632738398
16565016000181,NOME NAO ENCONTRADO,resgate_medio,279008695.7016466,6.053174904184031
16877448000128,NOME NAO ENCONTRADO,resgate_medio,628592330.815743,13.713759056945367
16916063000122,NOME NAO ENCONTRADO,resgate_medio,224813962.01554218,4.865581217473288
17000151000142,NOME NAO ENCONTRADO,resgate_medio,357257510.4825703,7.767876538565343
17209712000118,NOME NAO ENCONTRADO,resgate_medio,146431826.3608502,3.147958062545145
17455369000191,NOME NAO ENCONTRADO,resgate_medio,545206529.26272,11.886488310321589
17898543000170,NOME NAO ENCONTRADO,resgate_medio,258096356.2121687,5.594913359881553
18060364000122,NOME NAO ENCONTRADO,resgate_medio,193654575.7968,4.182771508148193
19303792000100,NOME NAO ENCONTRADO,resgate_medio,256654533.36759037,5.563318044412449
19700409000149,NOME NAO ENCONTRADO,resgate_medio,163895074.8099197,3.530638116435578
20743601000100,NOME NAO ENCONTRADO,resgate_medio,1212001314.0728047,26.498263715634515
22080558000167,NOME NAO ENCONTRADO,resgate_medio,231469512.20287448,5.011427295984214
23731558000142,NOME NAO ENCONTRADO,resgate_medio,169893732.63104418,3.66208941571435
25341064000187,NOME NAO ENCONTRADO,resgate_medio,201026905.44152611,4.344324698779925
26199519000134,NOME NAO ENCONTRADO,resgate_medio,311335398.7616064,6.761564554893295
26724752000199,NOME NAO ENCONTRADO,resgate_medio,144137719.71959513,3.097686267142002
26786661000188,NOME NAO ENCONTRADO,resgate_medio,187017052.21409637,4.0373204547696675
27146328000177,NOME NAO ENCONTRADO,resgate_medio,2677952990.271855,58.6223251744586
27157075000137,NOME NAO ENCONTRADO,resgate_medio,194353105.30464,4.198078700878335
27717359000130,NOME NAO ENCONTRADO,resgate_medio,481347062.9809638,10.48710697131196
28152799000150,NOME NAO ENCONTRADO,resgate_medio,155922866.5911905,3.3559395155614893
29152383000103,NOME NAO ENCONTRADO,resgate_medio,145590338.99642572,3.129518169709329
29224634000100,NOME NAO ENCONTRADO,resgate_medio,211987561.3388571,4.584510503940854
29323674000109,NOME NAO ENCONTRADO,resgate_medio,232687163.9534,5.038110248979463
30630384000197,NOME NAO ENCONTRADO,resgate_medio,190796533.39630523,4.120141933643069
32312120000110,NOME NAO ENCONTRADO,resgate_medio,194969755.78948206,4.2115916415811565
32312124000107,NOME NAO ENCONTRADO,resgate_medio,266636202.66474104,5.782050873856539
34658789000194,NOME NAO ENCONTRADO,resgate_medio,341792252.878,7.428979360826242
34658859000104,NOME NAO ENCONTRADO,resgate_medio,174980377.58928,3.7735553650430904
35823433000121,NOME NAO ENCONTRADO,resgate_medio,155747793.18666667,3.352103052942673
37380811000175,NOME NAO ENCONTRADO,resgate_medio,509953613.7535743,11.113975244028156
37525998000158,NOME NAO ENCONTRADO,resgate_medio,388578803.94400793,8.454234194456086
37553253000100,NOME NAO ENCONTRADO,resgate_medio,1065872641.1065991,23.296080077880415
38658114000104,NOME NAO ENCONTRADO,resgate_medio,140472684.6724,3.017372698136706
40750123000164,NOME NAO ENCONTRADO,resgate_medio,500553653.53815264,10.907989668532483
41755256000196,NOME NAO ENCONTRADO,resgate_medio,474385182.2928113,10.334548134123628
42411782000100,NOME NAO ENCONTRADO,resgate_medio,1267390199.96344,27.712025399171047
42592315000115,NOME NAO ENCONTRADO,resgate_medio,3395611576.0741057,74.34870203330532
42592333000105,NOME NAO ENCONTRADO,resgate_medio,568778000.0068572,12.403020599314122
42592357000156,NOME NAO ENCONTRADO,resgate_medio,566525516.2698374,12.353660905418455
42592423000198,NOME NAO ENCONTRADO,resgate_medio,141973869.23236,3.0502688336970745
43617343000102,NOME NAO ENCONTRADO,resgate_medio,280452505.49568,6.08481376057433
43617375000108,NOME NAO ENCONTRADO,resgate_medio,218348052.34676,4.723890817332868
43617404000131,NOME NAO ENCONTRADO,resgate_medio,227411723.49607998,4.9225071385735895
43690520000186,NOME NAO ENCONTRADO,resgate_medio,150805713.9807968,3.243805038266381
45081677000130,NOME NAO ENCONTRADO,resgate_medio,539332106.2373092,11.757759424255768
45103742000180,NOME NAO ENCONTRADO,resgate_medio,531903870.2512852,11.594981132706353
46133770000103,NOME NAO ENCONTRADO,resgate_medio,3420827461.3860817,74.90126912173817
50628101000180,NOME NAO ENCONTRADO,resgate_medio,207727239.4854,4.491152146174466
50803123000139,NOME NAO ENCONTRADO,resgate_medio,253378022.68578315,5.491518385377455
50803936000129,NOME NAO ENCONTRADO,resgate_medio,710196006.8452208,15.501977281732861
51225664000190,NOME NAO ENCONTRADO,resgate_medio,608617784.972008,13.276047808536443
54891935000134,NOME NAO ENCONTRADO,resgate_medio,233788348.9829719,5.062241014093922
55574437000120,NOME NAO ENCONTRADO,resgate_medio,302357672.56108433,6.564831584149103
58824505000150,NOME NAO ENCONTRADO,resgate_medio,209368898.71991968,4.527126566750793
58952085000198,NOME NAO ENCONTRADO,resgate_medio,169940172.99369478,3.663107084364811
60587009000172,NOME NAO ENCONTRADO,resgate_medio,290350629.274359,6.3017158193227925
61265448000121,NOME NAO ENCONTRADO,resgate_medio,536465443.2435443,11.694940942795172
00756851000169,BB RENDA FIXA REFERENCIADO DI ÁGIL FUNDO DE INVESTIMENTO EM COTAS DE FIF RESPONSABILIDADE LIMITADA,cotistas_medio,131545.516,9.120387150639967
00812433000141,BNB AUTOMÁTICO CLASSE DE INVESTIMENTO RENDA FIXA CURTO PRAZO - RESP LIMITADA,cotistas_medio,117182.2248995984,8.117297850801444
01627516000123,SICREDI - FIF RENDA FIXA CURTO PRAZO RESGATE FÁCIL - RESPONSABILIDADE LIMITADA,cotistas_medio,52951.5140562249,3.6316170748817385
02185027000121,NOME NAO ENCONTRADO,cotistas_medio,470451.436,32.78856317155379
02543811000164,SANTANDER CENTRUM RENDA FIXA REFERENCIADO DI - CIC FIF RESP LIMITADA,cotistas_medio,56987.17269076305,3.9134554060698443
02910278000121,SANTANDER VIP RENDA FIXA REFERENCIADO DI - CIC FIF RESP LIMITADA,cotistas_medio,64986.28112449799,4.472089219312218
03766575000108,BRADESCO FIF - CIC RENDA FIXA REFERENCIADA DI HIPERFUNDO -RESPONSABILIDADE LIMITADA,cotistas_medio,146025.0562248996,10.131594941713152
04288966000127,BB RENDA FIXA CURTO PRAZO AUTOMÁTICO SETOR PÚBLICO FIC FIF RESPONSABILIDADE LIMITADA,cotistas_medio,101470.224,7.0200186916399545
04857834000179,BB RENDA FIXA LONGO PRAZO TESOURO SELIC FIC FIF RESPONSABILIDADE LIMITATA,cotistas_medio,127068.04,8.807693615816445
05102500000158,BB RENDA FIXA MAIS AUTOMÁTICO SIMPLES FUNDO DE INVESTIMENTO EM COTAS DE FIF RESP LIMITADA,cotistas_medio,136420.58232931726,9.460847205146866
05114716000133,CAIXA FÁCIL FIC DE CLASSE DE FIF RENDA FIXA SIMPLES - RESPONSABILIDADE LIMITADA,cotistas_medio,538016.3935742972,37.50709776874832
05943661000174,BB RENDA FIXA REFERENCIADO DI PLUS ÁGIL FUNDO DE INVESTIMENTO EM COTAS DE FIF RESP LIMITADA,cotistas_medio,593025.2398373984,41.34875109856465
06015368000100,NOME NAO ENCONTRADO,cotistas_medio,101447.15662650602,7.018407735253605
07667259000130,NOME NAO ENCONTRADO,cotistas_medio,222399.74297188755,15.465374680555911
08610270000126,NOME NAO ENCONTRADO,cotistas_medio,48838.39357429719,3.344369039906454
09300207000156,NOME NAO ENCONTRADO,cotistas_medio,74211.81673306772,5.116373039054395
09636393000107,NOME NAO ENCONTRADO,cotistas_medio,136789.51807228915,9.486612574205823
09720710000160,NOME NAO ENCONTRADO,cotistas_medio,140076.95238095237,9.716197155893367
10551370000170,NOME NAO ENCONTRADO,cotistas_medio,169211.33333333334,11.750855200938174
10731794000117,NOME NAO ENCONTRADO,cotistas_medio,69486.28514056225,4.786356043412038
10783480000168,NOME NAO ENCONTRADO,cotistas_medio,93146.97590361445,6.438747933634343
10843445000197,NOME NAO ENCONTRADO,cotistas_medio,93631.75502008032,6.472603457491163
12796232000187,NOME NAO ENCONTRADO,cotistas_medio,50955.018939393936,3.4921878260505284
13966586000195,NOME NAO ENCONTRADO,cotistas_medio,72312.17338709677,4.983707628283765
14508652000146,NOME NAO ENCONTRADO,cotistas_medio,68156.76305220883,4.693506196437274
17502869000137,NOME NAO ENCONTRADO,cotistas_medio,245673.562248996,17.090748623063437
18719154000101,NOME NAO ENCONTRADO,cotistas_medio,61579.18875502008,4.23414807647141
18799585000117,MB FUNDO DE INVESTIMENTO FINANCEIRO EM AÇÕES - RESPONSABILIDADE LIMITADA,cotistas_medio,68399.38955823293,4.710450506090873
19782311000188,NOME NAO ENCONTRADO,cotistas_medio,65104.0562248996,4.480314280140858
19831126000136,NOME NAO ENCONTRADO,cotistas_medio,54502.26907630522,3.739917168254486
20335522000151,NOME NAO ENCONTRADO,cotistas_medio,174072.9076305221,12.090373012266504
20879578000177,NOME NAO ENCONTRADO,cotistas_medio,49519.32142857143,3.391923005067363
21287436000183,NOME NAO ENCONTRADO,cotistas_medio,191917.00401606425,13.336551344551651
22051699000151,NOME NAO ENCONTRADO,cotistas_medio,167587.0843373494,11.637422508057682
22791329000150,NOME NAO ENCONTRADO,cotistas_medio,213849.5903614458,14.868257589802196
22963439000152,NOME NAO ENCONTRADO,cotistas_medio,52777.60240963855,3.6194716055329215
24634254000120,NOME NAO ENCONTRADO,cotistas_medio,50380.385542168675,3.4520571479171305
26199519000134,NOME NAO ENCONTRADO,cotistas_medio,438482.1967871486,30.555927102687047
26507128000130,NOME NAO ENCONTRADO,cotistas_medio,64412.85140562249,4.432042602475402
26559284000144,NOME NAO ENCONTRADO,cotistas_medio,95888.47619047618,6.630206115748215
27717359000130,NOME NAO ENCONTRADO,cotistas_medio,74236.2610441767,5.118080156646313
28320756000137,NOME NAO ENCONTRADO,cotistas_medio,59343.819277108436,4.078036556569394
29224634000100,NOME NAO ENCONTRADO,cotistas_medio,599831.4734693877,41.82407810271196
29546256000180,ITAÚ AÇÕES BLUE FUNDO DE INVESTIMENTO FINANCEIRO DA CLASSE DE INVESTIMENTO EM COTAS RESP LIMITADA,cotistas_medio,684122.4658634538,47.710708955782515
29562673000117,NOME NAO ENCONTRADO,cotistas_medio,45785.91164658635,3.13119282992547
32312124000107,NOME NAO ENCONTRADO,cotistas_medio,222493.70916334662,15.47193699837989
32387924000189,NOME NAO ENCONTRADO,cotistas_medio,78331.21115537849,5.40405922726504
32388007000119,NOME NAO ENCONTRADO,cotistas_medio,68555.96385542168,4.721385186801715
32893503000120,NOME NAO ENCONTRADO,cotistas_medio,50438.9437751004,3.456146679798137
32972925000190,NOME NAO ENCONTRADO,cotistas_medio,56862.48192771084,3.9047473760416236
35690218000108,NOME NAO ENCONTRADO,cotistas_medio,71070.27888446215,4.896977429862441
36498670000127,NOME NAO ENCONTRADO,cotistas_medio,55160.389558232935,3.785878334731701
36986672000165,NOME NAO ENCONTRADO,cotistas_medio,72559.2329317269,5.0009615280974735
37910132000160,NOME NAO ENCONTRADO,cotistas_medio,625852.8910505837,43.64133609462147
39342722000160,NOME NAO ENCONTRADO,cotistas_medio,60198.908,4.137753396000514
40121890000104,NOME NAO ENCONTRADO,cotistas_medio,109921.15261044177,7.610206274943641
40156155000136,NOME NAO ENCONTRADO,cotistas_medio,110985.45381526105,7.684533888503573
40386403000135,NOME NAO ENCONTRADO,cotistas_medio,357285.5120967742,24.885393446720162
42592315000115,NOME NAO ENCONTRADO,cotistas_medio,55906.71138211382,3.8379992191820587
42699466000177,NOME NAO ENCONTRADO,cotistas_medio,698247.530120482,48.69716120525063
42730834000100,NOME NAO ENCONTRADO,cotistas_medio,89799.99598393575,6.2050048645329845
43121002000141,NOME NAO ENCONTRADO,cotistas_medio,47663.409638554214,3.2623116753938755
43617343000102,NOME NAO ENCONTRADO,cotistas_medio,438661.696,30.56846279095529
44345473000104,NOME NAO ENCONTRADO,cotistas_medio,55124.71485943775,3.7833869204460564
44459200000182,NOME NAO ENCONTRADO,cotistas_medio,110204.112,7.629967312575661
45088717000175,NOME NAO ENCONTRADO,cotistas_medio,90804.23046875,6.275137597985547
45088790000147,NOME NAO ENCONTRADO,cotistas_medio,48645.59765625,3.3309047495085333
45160183000140,NOME NAO ENCONTRADO,cotistas_medio,84625.79919678715,5.843654433342288
45278833000157,NOME NAO ENCONTRADO,cotistas_medio,131758.20948616602,9.13524102769552
45823918000179,NOME NAO ENCONTRADO,cotistas_medio,112928.16064257028,7.820206724037948
46610180000124,NOME NAO ENCONTRADO,cotistas_medio,519412.0923694779,36.20782900512872
46610198000126,NOME NAO ENCONTRADO,cotistas_medio,74722.32661290323,5.152025522482132
47176334000184,BRADESCO IV FI FINANCEIRO - CIC EM AÇÕES - RESP LIMITADA,cotistas_medio,72262.24096385542,4.980220497157737
47177431000191,ALFA AÇÕES FUNDO DE INVESTIMENTO FINANCEIRO CLASSE DE INVESTIMENTO EM COTAS EM AÇÕES RESP LIMITADA,cotistas_medio,226576.0779220779,15.757037424964151
47177894000153,BRADESCO BA FI FINANCEIRO - CIC EM AÇÕES - RESP LIMITADA,cotistas_medio,505614.3534136546,35.24423617589444
47178058000193,BRADESCO FI FINANCEIRO - CIC EM AÇÕES - RESP LIMITADA,cotistas_medio,816995.488,56.99016349100738
47178405000188,BRADESCO MAXI FI FINANCEIRO - CIC EM AÇÕES - RESP LIMITADA,cotistas_medio,175566.56626506025,12.194685664808562
48973783000116,NOME NAO ENCONTRADO,cotistas_medio,53039.36947791165,3.6377526348178812
49647466000172,NOME NAO ENCONTRADO,cotistas_medio,47272.70682730924,3.2350261593768876
49920157000124,NOME NAO ENCONTRADO,cotistas_medio,67924.38247011953,4.67727743147285
51253495000100,NOME NAO ENCONTRADO,cotistas_medio,129361.9076305221,8.96789047176949
51488342000133,NOME NAO ENCONTRADO,cotistas_medio,56566.01204819277,3.8840428061912866
51998694000139,NOME NAO ENCONTRADO,cotistas_medio,117786.09638554217,8.159470429620157
52239457000157,NOME NAO ENCONTRADO,cotistas_medio,48248.50602409639,3.303173057343806
54486055000182,ITAÚ AÇÕES IBRX ATIVO FIF DA CLASSE DE INVESTIMENTO EM COTAS RESP LIMITADA,cotistas_medio,586509.4618473896,40.89370864790246
54603259000156,NOME NAO ENCONTRADO,cotistas_medio,141208.6465863454,9.79523129508778
68599141000106,BB RENDA FIXA LONGO PRAZO AUTOMÁTICO FIC FIF RESPONSABILIDADE LIMITADA,cotistas_medio,87485.80722891567,6.043388842011352
88002696000136,SANTANDER ÔNIX AÇÕES - CIC FIF RESP LIMITADA,cotistas_medio,266458.3172690763,18.54229376092008
00822055000187,BB RF IV FUNDO DE INVESTIMENTO FINANCEIRO RENDA FIXA LONGO PRAZO RESP LIMITADA,fluxo_liquido_medio,68834944.94303644,19.165638468331203
00834074000123,CAIXA PRÁTICO FIC DE CLASSE DE FIF RENDA FIXA CURTO PRAZO - RESPONSABILIDADE LIMITADA,fluxo_liquido_medio,-36948792.50819278,10.302746587204595
00852311000189,BB TOP DI RENDA FIXA REFERENCIADO DI LONGO PRAZO FIF RESPONSABILIDADE LIMITADA,fluxo_liquido_medio,-13983606.716666669,3.905289340162061
01597187000115,SPECIAL RENDA FIXA REFERENCIADO DI FUNDO DE INVESTIMENTO FINANCEIRO RESPONSABILIDADE LIMITADA,fluxo_liquido_medio,-25059756.990963876,6.990794438395626
01608573000165,BB TOP RENDA FIXA CURTO PRAZO FUNDO DE INVESTIMENTO FINANCEIRO RESPONSABILIDADE LIMITADA,fluxo_liquido_medio,-77611630.60280514,21.63027385457307
01624316000117,ITAÚ RENDA FIXA REFERENCIADO DI FUNDO DE INVESTIMENTO FINANCEIRO RESPONSABILIDADE LIMITADA,fluxo_liquido_medio,-33282539.906867504,9.281431345657914
01630558000113,SANTANDER RENDA FIXA REFERENCIADO DI - FIF RESP LIMITADA,fluxo_liquido_medio,-39722968.27428001,11.075554219611089
02266145000164,BB EXTRAMERCADO EXCLUSIVO FAT FUNDO DE INVESTIMENTO FINANCEIRO RENDA FIXA RESPONSABILIDADE LIMITADA,fluxo_liquido_medio,-73538542.00947155,20.49562550572831
02506721000101,BB RENDA FIXA SIMPLES SOLIDEZ DIFERENCIADO FUNDO DE INVESTIMENTO EM COTAS DE FIF RESP LIMITADA,fluxo_liquido_medio,-13847400.094204068,3.8673459918312987
02513875000112,FUNDO DE INVESTIMENTO FINANCEIRO TESOURO RENDA FIXA RESPONSABILIDADE LIMITADA,fluxo_liquido_medio,-85642410.28784549,23.86742404189795
02611573000187,SETOR FUNDO DE INVESTIMENTO MULTIMERCADO CRÉDITO PRIVADO,fluxo_liquido_medio,-46126361.95185185,12.859360266734996
03069104000140,SANTANDER PREMIUM RENDA FIXA REFERENCIADO DI - CIC FIF RESP LIMITADA,fluxo_liquido_medio,-11859675.83546184,3.3136217119735276
03298200000160,BB RENDA FIXA LONGO PRAZO CORPORATE FIC FIF CRÉDITO PRIVADO RESPONSABILIDADE LIMITADA,fluxo_liquido_medio,-11497842.776999995,3.2128251609205667
03389374000139,BB TOP RF ARROJADO FUNDO DE INVESTIMENTO FINANCEIRO RENDA FIXA LONGO PRAZO RESPONSABILIDADE LIMITADA,fluxo_liquido_medio,42090629.46047807,11.715421585512985
03399411000190,BRADESCO FUNDO DE INVESTIMENTO FINANCEIRO RENDA FIXA REFERENCIADA DI PREMIUM - RESP LIMITADA,fluxo_liquido_medio,47807164.628714874,13.30788809860797
03504023000121,BB TOP PRINCIPAL RENDA FIXA REFERENCIADO DI LONGO PRAZO FIF RESPONSABILIDADE LIMITADA,fluxo_liquido_medio,56975285.55004066,15.861869684576245
03537407000140,BRASILPREV RT FIX II FIC FIF RENDA FIXA RESPONSABILIDADE LIMITADA,fluxo_liquido_medio,-13820676.486544713,3.859901543567765
03553305000119,BRADESCO FIF - CLASSE DE INVESTIMENTO RENDA FIXA RIVIERA - RESPONSABILIDADE LIMITADA,fluxo_liquido_medio,11539591.369277105,3.2047584532624054
03737219000166,NOME NAO ENCONTRADO,fluxo_liquido_medio,-25520936.99493976,7.119266264637732
04118854000128,PETROS LIQUIDEZ FI FINANCEIRO - CI RF - RESP LIMITADA,fluxo_liquido_medio,26582764.42848,7.3953649382150894
04150666000187,CAIXA MASTER LIQUIDEZ FUNDO DE INVESTIMENTO FINANCEIRO RENDA FIXA CURTO PRAZO - RESP LIMITADA,fluxo_liquido_medio,14057382.890642568,3.9061446193105462
04160232000168,BB MILENIO 32 FUNDO DE INVESTIMENTO FINANCEIRO RENDA FIXA RESPONSABILIDADE LIMITADA,fluxo_liquido_medio,-15146002.877159983,4.229100338618094
04822739000130,FIF - CLASSE DE INVESTIMENTO MULTIMERCADO CREDIT - CRÉDITO PRIVADO - RESP LIMITADA,fluxo_liquido_medio,-11228913.620080322,3.137909033548689
04857792000176,BB ELET BANCOS FUNDO DE INVESTIMENTO FINANCEIRO RENDA FIXA CRÉDITO PRIVADO LP RESP LIMITADA,fluxo_liquido_medio,24697844.149799198,6.870278966500746
04857834000179,BB RENDA FIXA LONGO PRAZO TESOURO SELIC FIC FIF RESPONSABILIDADE LIMITATA,fluxo_liquido_medio,11132094.5308,3.0912412526559025
04934357000106,BB ATACADO FEDERAL FUNDO DE INVESTIMENTO FINANCEIRO RENDA FIXA LONGO PRAZO RESPONSABILIDADE LIMITADA,fluxo_liquido_medio,11489923.536056913,3.190922386684766
05025886000141,SANTANDER RENDA FIXA CURTO PRAZO - FUNDO DE INVESTIMENTO FINANCEIRO RESPONSABILIDADE LIMITADA,fluxo_liquido_medio,-47538363.6478,13.252704373095893
05615621000101,ODESSA FUNDO DE INVESTIMENTO FINANCEIRO RENDA FIXA CRÉDITO PRIVADO RESPONSABILIDADE LIMITADA,fluxo_liquido_medio,-14340068.074738955,4.0045894860085465
05786938000100,NOME NAO ENCONTRADO,fluxo_liquido_medio,-13539918.314016074,3.7816901839116843
05943661000174,BB RENDA FIXA REFERENCIADO DI PLUS ÁGIL FUNDO DE INVESTIMENTO EM COTAS DE FIF RESP LIMITADA,fluxo_liquido_medio,-28926171.37056911,8.067869142576855
06001785000101,NOME NAO ENCONTRADO,fluxo_liquido_medio,-22951270.318008132,6.403429133858417
06006188000161,BB TOP DI C RENDA FIXA REFERENCIADO DI FUNDO DE INVESTIMENTO FINANCEIRO RESPONSABILIDADE LIMITADA,fluxo_liquido_medio,-38101738.546530604,10.623925046432865
06015368000100,NOME NAO ENCONTRADO,fluxo_liquido_medio,-19298554.855702814,5.385884959914392
06084861000181,NOME NAO ENCONTRADO,fluxo_liquido_medio,-19938423.095816735,5.564134321666981
07103364000146,NOME NAO ENCONTRADO,fluxo_liquido_medio,-22661308.904377513,6.322654009118151
07187548000131,NOME NAO ENCONTRADO,fluxo_liquido_medio,-30953607.75,8.632656106473041
07214377000192,NOME NAO ENCONTRADO,fluxo_liquido_medio,-35703034.78323996,9.955713392789972
07408525000100,NOME NAO ENCONTRADO,fluxo_liquido_medio,-35200382.355469346,9.815688511390093
07593972000186,NOME NAO ENCONTRADO,fluxo_liquido_medio,65724185.53117406,18.29906806372477
07667259000130,NOME NAO ENCONTRADO,fluxo_liquido_medio,-15355774.789236948,4.287536915239997
07667508000197,NOME NAO ENCONTRADO,fluxo_liquido_medio,19925249.94746988,5.54076795604983
07919956000130,NOME NAO ENCONTRADO,fluxo_liquido_medio,-15497110.804227643,4.3269091685968135
08212681000163,NOME NAO ENCONTRADO,fluxo_liquido_medio,19168988.38714862,5.330094676780208
08915927000163,NOME NAO ENCONTRADO,fluxo_liquido_medio,-39806779.585919976,11.098901702531652
09215250000113,NOME NAO ENCONTRADO,fluxo_liquido_medio,15472822.777750969,4.300446509386087
09639924000107,NOME NAO ENCONTRADO,fluxo_liquido_medio,-26705317.856480002,7.449201584765424
10583909000173,NOME NAO ENCONTRADO,fluxo_liquido_medio,-62582508.56136546,17.44358158944136
10583916000175,NOME NAO ENCONTRADO,fluxo_liquido_medio,-19366022.036399998,5.404679425938176
10740552000190,NOME NAO ENCONTRADO,fluxo_liquido_medio,13033865.28048192,3.62102129341897
11046645000181,NOME NAO ENCONTRADO,fluxo_liquido_medio,47833133.709720075,13.315122356888478
11233045000122,NOME NAO ENCONTRADO,fluxo_liquido_medio,47328000.0,13.174406259866238
11248347000174,NOME NAO ENCONTRADO,fluxo_liquido_medio,13212549.426787147,3.6707976896166348
11351449000110,NOME NAO ENCONTRADO,fluxo_liquido_medio,-14548614.423119992,4.062684654926658
11419818000160,NOME NAO ENCONTRADO,fluxo_liquido_medio,-12438317.794377565,3.474815147424602
12013309000103,NOME NAO ENCONTRADO,fluxo_liquido_medio,-20149622.63517928,5.622968595246667
12083748000184,NOME NAO ENCONTRADO,fluxo_liquido_medio,-11238612.016305221,3.140610734975227
12565049000170,NOME NAO ENCONTRADO,fluxo_liquido_medio,-32182310.61289157,8.974938294216892
12808980000132,NOME NAO ENCONTRADO,fluxo_liquido_medio,-15646120.103680002,4.368418983989205
13401421000176,NOME NAO ENCONTRADO,fluxo_liquido_medio,-23257430.29528,6.488716724524241
14120568000150,NOME NAO ENCONTRADO,fluxo_liquido_medio,22935292.15823293,6.379281370657409
14298601000137,NOME NAO ENCONTRADO,fluxo_liquido_medio,12243920.17140562,3.400964721323189
14507761000149,NOME NAO ENCONTRADO,fluxo_liquido_medio,16281561.545823291,4.525738468255309
14933427000157,NOME NAO ENCONTRADO,fluxo_liquido_medio,-10891254.77103585,3.043846739846512
15674461000117,NOME NAO ENCONTRADO,fluxo_liquido_medio,18719869.433962263,5.204982721321682
15675431000125,NOME NAO ENCONTRADO,fluxo_liquido_medio,-28599795.40329317,7.976949943574319
15675437000100,NOME NAO ENCONTRADO,fluxo_liquido_medio,-12432581.954899594,3.473217303271747
16565016000181,NOME NAO ENCONTRADO,fluxo_liquido_medio,-13035884.592891604,3.641280512889063
16877448000128,NOME NAO ENCONTRADO,fluxo_liquido_medio,-13158327.8522892,3.67538977393731
17254044000140,NOME NAO ENCONTRADO,fluxo_liquido_medio,-10840931.101811327,3.0298279757354463
17322741000191,NOME NAO ENCONTRADO,fluxo_liquido_medio,12851405.622489959,3.570193145460146
17517380000139,NOME NAO ENCONTRADO,fluxo_liquido_medio,-13245676.63819277,3.6997226980630686
17518976000153,NOME NAO ENCONTRADO,fluxo_liquido_medio,-33374167.36546185,9.30695618810133
17958866000102,NOME NAO ENCONTRADO,fluxo_liquido_medio,25581248.736374512,7.116370730171224
17958878000137,NOME NAO ENCONTRADO,fluxo_liquido_medio,60450844.73592742,16.83006308406012
18060364000122,NOME NAO ENCONTRADO,fluxo_liquido_medio,36473830.33724001,10.150738739820511
18083593000162,NOME NAO ENCONTRADO,fluxo_liquido_medio,22589445.961686745,6.282938311361416
18599388000154,NOME NAO ENCONTRADO,fluxo_liquido_medio,12595183.330438245,3.4988167945775452
18630011000110,NOME NAO ENCONTRADO,fluxo_liquido_medio,27207277.01955284,7.56933664643016
19294718000166,PHANTOM FUNDO DE INVESTIMENTO FINANCEIRO DA CLASSE DE INVESTIMENTO EM COTAS EM AÇÕES RESP LIMITADA,fluxo_liquido_medio,-18426687.973448277,5.14300727736615
19700409000149,NOME NAO ENCONTRADO,fluxo_liquido_medio,25739522.10493976,7.160461255627159
20335522000151,NOME NAO ENCONTRADO,fluxo_liquido_medio,13333120.94618474,3.704385536349478
20441379000182,NOME NAO ENCONTRADO,fluxo_liquido_medio,-13933958.484226417,3.8914587338124735
20441483000177,NOME NAO ENCONTRADO,fluxo_liquido_medio,-16362226.502037734,4.5679061603358315
20743601000100,NOME NAO ENCONTRADO,fluxo_liquido_medio,-70016682.33898354,19.514534088634527
21407105000130,NOME NAO ENCONTRADO,fluxo_liquido_medio,-11042212.803253025,3.0858994175811456
21470947000136,NOME NAO ENCONTRADO,fluxo_liquido_medio,-23189156.48550201,6.4696975542413435
22080558000167,NOME NAO ENCONTRADO,fluxo_liquido_medio,-136955110.23408905,38.16170439810317
22975153000197,NOME NAO ENCONTRADO,fluxo_liquido_medio,16839946.14963562,4.6812887722121035
23434820000197,NOME NAO ENCONTRADO,fluxo_liquido_medio,-11786795.105776891,3.2933191828964596
23565803000199,NOME NAO ENCONTRADO,fluxo_liquido_medio,-11053918.518795181,3.0891603019217646
24018842000139,NOME NAO ENCONTRADO,fluxo_liquido_medio,29016064.257028114,8.073214086211816
25097027000175,NOME NAO ENCONTRADO,fluxo_liquido_medio,-49782068.02443999,13.877737540903011
26199519000134,NOME NAO ENCONTRADO,fluxo_liquido_medio,28292467.006747067,7.8716401684228
26269698000139,NOME NAO ENCONTRADO,fluxo_liquido_medio,-28703702.829019606,8.00589564076003
26724752000199,NOME NAO ENCONTRADO,fluxo_liquido_medio,-32184347.638987854,8.975505752607187
27146328000177,NOME NAO ENCONTRADO,fluxo_liquido_medio,-114063186.42927456,31.784655887662016
28428069000130,NOME NAO ENCONTRADO,fluxo_liquido_medio,50744653.07959839,14.12619006876415
28428077000186,NOME NAO ENCONTRADO,fluxo_liquido_medio,52660314.6,14.659839689012198
29224634000100,NOME NAO ENCONTRADO,fluxo_liquido_medio,83606648.36726534,23.28062111991359
29259706000154,NOME NAO ENCONTRADO,fluxo_liquido_medio,-22959808.15682731,6.405807536512053
29259723000191,NOME NAO ENCONTRADO,fluxo_liquido_medio,-24231012.534578312,6.75992945534783
30493708000192,NOME NAO ENCONTRADO,fluxo_liquido_medio,-16043601.17696,4.479146073066606
30493739000143,NOME NAO ENCONTRADO,fluxo_liquido_medio,-15973426.6932,4.459597428271686
30641425000140,NOME NAO ENCONTRADO,fluxo_liquido_medio,18339402.03910569,5.098995166307574
30754467000198,NOME NAO ENCONTRADO,fluxo_liquido_medio,-40928239.84684,11.411309106443897
31008221000130,NOME NAO ENCONTRADO,fluxo_liquido_medio,-16742317.655582331,4.673788905063196
31341341000154,NOME NAO ENCONTRADO,fluxo_liquido_medio,-37353222.01572,10.415409315359076
32312116000152,NOME NAO ENCONTRADO,fluxo_liquido_medio,-44249248.5251004,12.33644906520999
32388055000107,NOME NAO ENCONTRADO,fluxo_liquido_medio,-15462254.99458167,4.317199316734721
32760026000124,MACRO FUNDO DE INVESTIMENTO EM COTAS DE FUNDO DE INVESTIMENTO MULTIMERCADO CRÉDITO PRIVADO,fluxo_liquido_medio,-22777103.403653845,6.354911111903549
32862118000115,NOME NAO ENCONTRADO,fluxo_liquido_medio,-13510001.296827309,3.773356141236759
33033134000168,NOME NAO ENCONTRADO,fluxo_liquido_medio,13723694.779116467,3.8131884618157397
33842492000111,NOME NAO ENCONTRADO,fluxo_liquido_medio,-11191943.375169814,3.127610159271132
34660496000141,NOME NAO ENCONTRADO,fluxo_liquido_medio,11301164.194658635,3.1383393234542925
34687662000101,KINEA APOLO FUNDO DE INVESTIMENTO EM COTAS DE FUNDOS DE INVESTIMENTO MULTIMERCADO,fluxo_liquido_medio,-57931539.64042552,16.147951974286414
34780375000133,NOME NAO ENCONTRADO,fluxo_liquido_medio,-10801391.263520002,3.0188132847453537
35348787000161,NOME NAO ENCONTRADO,fluxo_liquido_medio,-13794984.28461847,3.8527444160401414
35410929000173,NOME NAO ENCONTRADO,fluxo_liquido_medio,-35366381.33181452,9.861931174691902
35536379000133,NOME NAO ENCONTRADO,fluxo_liquido_medio,37030213.46534137,10.30573148872819
36247150000141,NOME NAO ENCONTRADO,fluxo_liquido_medio,-36606201.97231708,10.207310463743537
37235948000136,NOME NAO ENCONTRADO,fluxo_liquido_medio,66900122.75971887,18.62665122430155
37319949000169,NOME NAO ENCONTRADO,fluxo_liquido_medio,-23211319.062738094,6.4758714272349795
37553253000100,NOME NAO ENCONTRADO,fluxo_liquido_medio,76659990.47234821,21.345476884809642
37650426000109,NOME NAO ENCONTRADO,fluxo_liquido_medio,-10774111.78236,3.0112139857008406
38527089000111,ZIRCÔNIO FUNDO DE INVESTIMENTO RENDA FIXA CURTO PRAZ,fluxo_liquido_medio,-12356328.849245284,3.4519753247479907
38658114000104,NOME NAO ENCONTRADO,fluxo_liquido_medio,-110392684.6724,30.762156950446187
40140932000154,NOME NAO ENCONTRADO,fluxo_liquido_medio,13862726.04699219,3.851918677208347
41751844000151,MARSELHA FUNDO DE  INVESTIMENTO FINANCEIRO CRÉDITO PRIVADO RESPONSABILIDADE LIMITADA,fluxo_liquido_medio,-43615058.33963964,12.15978145037727
41978506000157,NOME NAO ENCONTRADO,fluxo_liquido_medio,21456863.8748996,5.967432678410669
42196001000101,NOME NAO ENCONTRADO,fluxo_liquido_medio,-14810215.619598394,4.135559417858612
42494751000151,NOME NAO ENCONTRADO,fluxo_liquido_medio,-15784699.255357144,4.407023252477774
42536254000179,NOME NAO ENCONTRADO,fluxo_liquido_medio,-23092369.477911644,6.442735406024933
42592315000115,NOME NAO ENCONTRADO,fluxo_liquido_medio,16262000.157642365,4.520289213643728
42592333000105,NOME NAO ENCONTRADO,fluxo_liquido_medio,-15897322.00273478,4.438396794060823
42592357000156,NOME NAO ENCONTRADO,fluxo_liquido_medio,-12349707.208292723,3.4501307211256282
42698158000127,NOME NAO ENCONTRADO,fluxo_liquido_medio,17487045.58835294,4.861552543267978
42847784000138,NOME NAO ENCONTRADO,fluxo_liquido_medio,19150845.30605691,5.325040522780868
43617343000102,NOME NAO ENCONTRADO,fluxo_liquido_medio,-15029346.696319997,4.196603195494504
44196993000194,NOME NAO ENCONTRADO,fluxo_liquido_medio,26900918.159076307,7.4839936524764825
44703501000100,NOME NAO ENCONTRADO,fluxo_liquido_medio,65864058.53361446,18.338032762780593
44703508000121,NOME NAO ENCONTRADO,fluxo_liquido_medio,65791899.95618474,18.317931405086185
45063704000141,NOME NAO ENCONTRADO,fluxo_liquido_medio,-28035670.80746212,7.8198006386831755
45146752000101,NOME NAO ENCONTRADO,fluxo_liquido_medio,-11127279.621075695,3.1095966493432896
45908158000100,Odisseu Fundo de Investimento Multimercado - Credito Privado - Investimento no Exterior,fluxo_liquido_medio,-10806877.905701755,3.0203417095143155
46947398000179,NOME NAO ENCONTRADO,fluxo_liquido_medio,24283418.074120004,6.754831474576011
46947440000151,NOME NAO ENCONTRADO,fluxo_liquido_medio,23309736.89624,6.48359118223595
47155750000104,NOME NAO ENCONTRADO,fluxo_liquido_medio,-16653154.178714857,4.648950458884902
47166927000160,NOME NAO ENCONTRADO,fluxo_liquido_medio,11931818.181818182,3.314021852529186
47541872000120,NOME NAO ENCONTRADO,fluxo_liquido_medio,12506423.42808,3.474090772948838
49766341000161,NOME NAO ENCONTRADO,fluxo_liquido_medio,-11104095.109601593,3.1031380941068734
49766712000105,NOME NAO ENCONTRADO,fluxo_liquido_medio,15576973.328764945,4.32945993446422
49803664000188,NOME NAO ENCONTRADO,fluxo_liquido_medio,11643965.049839355,3.233834035980306
49963948000131,NOME NAO ENCONTRADO,fluxo_liquido_medio,-24365434.171320003,6.7973755566743765
49980566000116,NOME NAO ENCONTRADO,fluxo_liquido_medio,11457831.020923695,3.1819823112428076
50803936000129,NOME NAO ENCONTRADO,fluxo_liquido_medio,44419353.1381526,12.364138748236556
51253495000100,NOME NAO ENCONTRADO,fluxo_liquido_medio,31550943.793534145,8.779360494449634
51675087000138,NOME NAO ENCONTRADO,fluxo_liquido_medio,16937491.253012046,4.7084621046716775
51768648000143,NOME NAO ENCONTRADO,fluxo_liquido_medio,15023655.590200802,4.175321117185392
51769756000130,NOME NAO ENCONTRADO,fluxo_liquido_medio,10892865.263815261,3.0245986823902222
51837280000128,NOME NAO ENCONTRADO,fluxo_liquido_medio,15152920.721847389,4.211330760684445
51998694000139,NOME NAO ENCONTRADO,fluxo_liquido_medio,46197512.7576707,12.859484191881169
52078859000117,NOME NAO ENCONTRADO,fluxo_liquido_medio,13313078.034859437,3.6988021428827813
52239457000157,NOME NAO ENCONTRADO,fluxo_liquido_medio,11924378.993975904,3.311949503252079
52286231000107,NOME NAO ENCONTRADO,fluxo_liquido_medio,18117054.466947794,5.037055363173531
52286268000135,NOME NAO ENCONTRADO,fluxo_liquido_medio,17990851.40562249,5.001898726662781
53290916000190,NOME NAO ENCONTRADO,fluxo_liquido_medio,-23807681.876666665,6.642001396331149
53323654000112,NOME NAO ENCONTRADO,fluxo_liquido_medio,-10900905.714311926,3.046535222211201
53326498000143,NOME NAO ENCONTRADO,fluxo_liquido_medio,-48964047.78461929,13.649860024083642
53449043000115,NOME NAO ENCONTRADO,fluxo_liquido_medio,27964604.023574293,7.780306728459532
53464565000196,NOME NAO ENCONTRADO,fluxo_liquido_medio,15883423.271566268,4.414828301401338
53828243000189,NOME NAO ENCONTRADO,fluxo_liquido_medio,12701751.536265064,3.5285037105406927
54170673000119,NOME NAO ENCONTRADO,fluxo_liquido_medio,20773961.263111115,5.777195146588802
54407534000166,NOME NAO ENCONTRADO,fluxo_liquido_medio,11743552.136987953,3.2615762078997568
54409143000180,NOME NAO ENCONTRADO,fluxo_liquido_medio,-17537214.005714286,4.895224754176846
54487736000165,NOME NAO ENCONTRADO,fluxo_liquido_medio,48177650.60240964,13.411095109378845
54496707000160,NOME NAO ENCONTRADO,fluxo_liquido_medio,11308590.566064257,3.14040810243128
54829603000120,NOME NAO ENCONTRADO,fluxo_liquido_medio,34132189.45080321,9.49842320469282
55087532000108,NOME NAO ENCONTRADO,fluxo_liquido_medio,29107683.43281124,8.098736621296121
55109050000101,NOME NAO ENCONTRADO,fluxo_liquido_medio,11132036.134538153,3.091224985093692
55371154000181,NOME NAO ENCONTRADO,fluxo_liquido_medio,12411990.644397588,3.447784445544757
55381443000161,NOME NAO ENCONTRADO,fluxo_liquido_medio,16315562.91510204,4.535210296973627
55411535000147,NOME NAO ENCONTRADO,fluxo_liquido_medio,17800104.542168673,4.948761995480596
55533539000106,NOME NAO ENCONTRADO,fluxo_liquido_medio,-13686741.077710845,3.8225908917115974
55574437000120,NOME NAO ENCONTRADO,fluxo_liquido_medio,59151293.7602008,16.468044597337006
55859549000128,NOME NAO ENCONTRADO,fluxo_liquido_medio,15607142.857142856,4.337864319680747
55928061000105,NOME NAO ENCONTRADO,fluxo_liquido_medio,11267214.612168677,3.1288819210841976
56915560000120,NOME NAO ENCONTRADO,fluxo_liquido_medio,44565514.42473895,12.404855187049515
57032645000123,NOME NAO ENCONTRADO,fluxo_liquido_medio,13790405.141646588,3.831772099505213
57032921000153,NOME NAO ENCONTRADO,fluxo_liquido_medio,11985271.808433734,3.328912535063901
57325988000186,NOME NAO ENCONTRADO,fluxo_liquido_medio,17536389.441132076,4.875298357973094
57357581000130,NOME NAO ENCONTRADO,fluxo_liquido_medio,11127884.463272735,3.0900684458143934
57776223000162,NOME NAO ENCONTRADO,fluxo_liquido_medio,-35624201.5084264,9.933752651438155
58258574000144,NOME NAO ENCONTRADO,fluxo_liquido_medio,27124608.8699,7.546307616406318
58378060000122,NOME NAO ENCONTRADO,fluxo_liquido_medio,21214313.8884739,5.899865048759628
58689667000123,NOME NAO ENCONTRADO,fluxo_liquido_medio,91668507.74584158,25.526429238963996
58731578000106,NOME NAO ENCONTRADO,fluxo_liquido_medio,-13883745.658035716,3.8774708474646644
58735449000188,NOME NAO ENCONTRADO,fluxo_liquido_medio,11670231.377564102,3.241151098867639
58824505000150,NOME NAO ENCONTRADO,fluxo_liquido_medio,-13211265.615983963,3.690136751517446
59016228000112,NOME NAO ENCONTRADO,fluxo_liquido_medio,11354235.662764227,3.153123547336713
59448572000180,NOME NAO ENCONTRADO,fluxo_liquido_medio,16326530.612244898,4.53826559006844
59816551000170,NOME NAO ENCONTRADO,fluxo_liquido_medio,13053295.9765,3.626434140856147
59888171000141,NOME NAO ENCONTRADO,fluxo_liquido_medio,15296536.532780489,4.251338101307958
59889169000197,NOME NAO ENCONTRADO,fluxo_liquido_medio,15138516.377463413,4.207318113967597
60172387000195,NOME NAO ENCONTRADO,fluxo_liquido_medio,15212274.914585365,4.227865175599304
60365671000188,NOME NAO ENCONTRADO,fluxo_liquido_medio,-33016609.999696966,9.207350725223254
60491442000100,NOME NAO ENCONTRADO,fluxo_liquido_medio,31945788.474095136,8.889353158390684
60510970000169,NOME NAO ENCONTRADO,fluxo_liquido_medio,11223110.001999997,3.116595612559939
60552945000148,NOME NAO ENCONTRADO,fluxo_liquido_medio,15037274.607633132,4.179114993819398
60677740000199,NOME NAO ENCONTRADO,fluxo_liquido_medio,12001236.244898982,3.333359779718775
60750102000156,NOME NAO ENCONTRADO,fluxo_liquido_medio,47823036.60347826,13.312309586023604
61038314000178,NOME NAO ENCONTRADO,fluxo_liquido_medio,22084722.855,6.1423365968386285
61141240000109,NOME NAO ENCONTRADO,fluxo_liquido_medio,18669871.841366462,5.1910547930222855
61141536000111,NOME NAO ENCONTRADO,fluxo_liquido_medio,11654742.110412698,3.2368362230687375
61290059000156,NOME NAO ENCONTRADO,fluxo_liquido_medio,15347764.189218748,4.265608690925869
61351720000196,NOME NAO ENCONTRADO,fluxo_liquido_medio,-14277264.550988372,3.987094184128331
61414981000108,NOME NAO ENCONTRADO,fluxo_liquido_medio,16706867.625899281,4.6442168245330695
61516344000142,NOME NAO ENCONTRADO,fluxo_liquido_medio,-42879263.699256204,11.954809681492518
61584502000100,NOME NAO ENCONTRADO,fluxo_liquido_medio,15885131.541699346,4.415304177592454
61660997000109,NOME NAO ENCONTRADO,fluxo_liquido_medio,30978918.991410255,8.620010413459395
61791538000156,NOME NAO ENCONTRADO,fluxo_liquido_medio,25533212.103909772,7.102989070415679
61883434000171,NOME NAO ENCONTRADO,fluxo_liquido_medio,25650813.719548874,7.135749585181986
62171470000175,NOME NAO ENCONTRADO,fluxo_liquido_medio,40219825.00689393,11.194267887126733
62191155000100,NOME NAO ENCONTRADO,fluxo_liquido_medio,24809123.145703122,6.901278176576889
62192196000110,NOME NAO ENCONTRADO,fluxo_liquido_medio,16389419.851249998,4.555784769816711
62360992000115,NOME NAO ENCONTRADO,fluxo_liquido_medio,17815996.33894737,4.953189004754256
62361073000166,NOME NAO ENCONTRADO,fluxo_liquido_medio,30654719.952982455,8.529697645833563
62461292000117,NOME NAO ENCONTRADO,fluxo_liquido_medio,14497377.495200003,4.028714786917212
62497443000197,NOME NAO ENCONTRADO,fluxo_liquido_medio,12528105.546000002,3.4801308034401104
62573018000130,NOME NAO ENCONTRADO,fluxo_liquido_medio,27038420.532608695,7.522297960746652
62617248000153,NOME NAO ENCONTRADO,fluxo_liquido_medio,12031833.915865382,3.341883433463342
62681110000113,NOME NAO ENCONTRADO,fluxo_liquido_medio,16263320.454193547,4.520657011266455
62751424000145,NOME NAO ENCONTRADO,fluxo_liquido_medio,14486608.2046,4.025714764325628
62809863000161,NOME NAO ENCONTRADO,fluxo_liquido_medio,206146086.57694915,57.41667489015252
62909232000114,NOME NAO ENCONTRADO,fluxo_liquido_medio,34911171.641904764,9.715425815036106
62992257000124,NOME NAO ENCONTRADO,fluxo_liquido_medio,11964695.380595239,3.3231805188464576
63124967000103,NOME NAO ENCONTRADO,fluxo_liquido_medio,27483052.732597403,7.646160032488994
63189884000194,NOME NAO ENCONTRADO,fluxo_liquido_medio,23084744.17727273,6.420914515321281
63196978000190,NOME NAO ENCONTRADO,fluxo_liquido_medio,12270628.772333335,3.408404989131796
63359425000101,NOME NAO ENCONTRADO,fluxo_liquido_medio,23548387.096774194,6.550072440814707
63418592000186,NOME NAO ENCONTRADO,fluxo_liquido_medio,13107115.0,3.641426612723971
63428673000167,NOME NAO ENCONTRADO,fluxo_liquido_medio,32893387.90148148,9.153327805887896
63437368000131,NOME NAO ENCONTRADO,fluxo_liquido_medio,21868685.58,6.082154665670013
63438007000100,NOME NAO ENCONTRADO,fluxo_liquido_medio,21953305.209714286,6.105727323355957
63566142000130,NOME NAO ENCONTRADO,fluxo_liquido_medio,22421818.18181818,6.236241909039189
63740285000117,NOME NAO ENCONTRADO,fluxo_liquido_medio,12188181.818181818,3.385437577976436
63760296000169,NOME NAO ENCONTRADO,fluxo_liquido_medio,13141379.310344828,3.650971689455348
63921677000182,NOME NAO ENCONTRADO,fluxo_liquido_medio,31813487.216296297,8.85249773522183
63933503000130,NOME NAO ENCONTRADO,fluxo_liquido_medio,13076435.826190477,3.6328802545711265
63937967000114,NOME NAO ENCONTRADO,fluxo_liquido_medio,10850245.329130435,3.012725962853221
63942021000146,NOME NAO ENCONTRADO,fluxo_liquido_medio,12894050.71378788,3.5820728729246345
63975214000101,NOME NAO ENCONTRADO,fluxo_liquido_medio,55817800.0,15.539426644590607
63988597000144,NOME NAO ENCONTRADO,fluxo_liquido_medio,10817248.682068966,3.0035340215910082
64044026000114,NOME NAO ENCONTRADO,fluxo_liquido_medio,34574543.954166666,9.621650773979399
64044030000182,NOME NAO ENCONTRADO,fluxo_liquido_medio,23741240.083333332,6.603795878877716
64068676000108,NOME NAO ENCONTRADO,fluxo_liquido_medio,17149350.38638298,4.767480122659415
64110523000173,NOME NAO ENCONTRADO,fluxo_liquido_medio,17211937.904761903,4.784915251495838
64157536000106,NOME NAO ENCONTRADO,fluxo_liquido_medio,32965909.09090909,9.173530177124057
64192273000168,NOME NAO ENCONTRADO,fluxo_liquido_medio,57079689.385588236,15.890953667628075
64192422000199,NOME NAO ENCONTRADO,fluxo_liquido_medio,34465211.22857143,9.591193740274221
64203379000110,NOME NAO ENCONTRADO,fluxo_liquido_medio,109345747.62162162,30.45081292902528
54188911000113,NOME NAO ENCONTRADO,sharpe,504.1200185587239,20.647998892596355
55381443000161,NOME NAO ENCONTRADO,sharpe,415.58890063738136,17.005107519154436
59448572000180,NOME NAO ENCONTRADO,sharpe,306.8980714884551,12.532681403055209
60552945000148,NOME NAO ENCONTRADO,sharpe,126.13374541734672,5.094564506626247
60762973000190,NOME NAO ENCONTRADO,sharpe,190.89453692330343,7.759351016200493
61141240000109,NOME NAO ENCONTRADO,sharpe,136.60592042853605,5.52547509383164
61861865000137,NOME NAO ENCONTRADO,sharpe,1106.8616774557725,45.4497007254024
62361073000166,NOME NAO ENCONTRADO,sharpe,84.9483314711347,3.399861076928327
62382192000103,NOME NAO ENCONTRADO,sharpe,320.5694917350955,13.095235000575963
62431835000153,NOME NAO ENCONTRADO,sharpe,856.2344518103087,35.13685503125084
62736500000143,NOME NAO ENCONTRADO,sharpe,2007.0002951603356,82.48873606494574
62809863000161,NOME NAO ENCONTRADO,sharpe,104.78860478329518,4.216251541576187
63156320000155,NOME NAO ENCONTRADO,sharpe,1536.242891413437,63.117941644195874
63196978000190,NOME NAO ENCONTRADO,sharpe,137.1448781394287,5.547652204453978
63734091000109,NOME NAO ENCONTRADO,sharpe,121.07802641695316,4.886531042624997
63874375000109,NOME NAO ENCONTRADO,sharpe,81.64826412075766,3.2640694234992256
64099033000113,NOME NAO ENCONTRADO,sharpe,227.95965894016635,9.284512071669909
64126791000183,NOME NAO ENCONTRADO,sharpe,102.53422799918404,4.123488116329228
64160050000119,NOME NAO ENCONTRADO,sharpe,2518.9690802379782,103.55530242512573
64264093000144,NOME NAO ENCONTRADO,sharpe,75.77519665855998,3.0224035855879596
